{"distributed": [0.05273731793068808, 0.052235057759919594, 0.05123053741838262, 0.054244098442993494, 0.05273731793068808, 0.05273731793068808, 0.05173279758915111, 0.05323957810145652, 0.05323957810145652, 0.05374183827222501, 0.052235057759919594, 0.052235057759919594, 0.05173279758915111, 0.05173279758915111, 0.052235057759919594, 0.05273731793068808, 0.05173279758915111, 0.052235057759919594, 0.052235057759919594, 0.05173279758915111], "single": [0.05374183827222501, 0.055750878955298906, 0.059266700150677955, 0.05725765946760414, 0.05273731793068808, 0.05374183827222501, 0.05524861878453042, 0.055750878955298906, 0.054244098442993494, 0.054244098442993494, 0.05374183827222501, 0.05625313912606739, 0.055750878955298906, 0.05474635861376198, 0.054244098442993494, 0.05474635861376198, 0.055750878955298906, 0.055750878955298906, 0.05474635861376198, 0.05524861878453042], "central_all_data": [0.055750878955298906, 0.05725765946760414, 0.05374183827222501, 0.055750878955298906, 0.05374183827222501, 0.05625313912606739, 0.05474635861376198, 0.05474635861376198, 0.055750878955298906, 0.05524861878453042, 0.05625313912606739, 0.05474635861376198, 0.054244098442993494, 0.054244098442993494, 0.05374183827222501, 0.05474635861376198, 0.054244098442993494, 0.054244098442993494, 0.054244098442993494, 0.05323957810145652], "total_amount_of_data_intervals": [589.0, 1178.0, 1767.0, 2356.0, 2945.0, 3534.0, 4123.0, 4712.0, 5301.0, 5890.0, 6479.0, 7068.0, 7657.0, 8246.0, 8835.0, 9424.0, 10013.0, 10602.0, 11191.0, 11780.0]}