{"5895": {"best_weight_decays": [0.025, 0.025, 0.025], "score": [0.9470737913486005, 0.9435114503816794, 0.946225614927905]}, "11790": {"best_weight_decays": [0.025, 0.025, 0.025], "score": [0.9577608142493639, 0.9574215436810857, 0.9568278201865988]}}